{
  "feature_names": [
    "temperature",
    "load",
    "vibration",
    "age",
    "corrosion",
    "harmonics",
    "oil_quality",
    "trip_count",
    "ambient_temp",
    "humidity"
  ],
  "is_trained": true,
  "training_history": {
    "xgb": {
      "accuracy": 0.9805,
      "precision": 0.9411764705882353,
      "recall": 0.463768115942029,
      "f1": 0.6213592233009708,
      "time": 0.619984
    },
    "rf": {
      "accuracy": 0.981,
      "precision": 1.0,
      "recall": 0.4492753623188406,
      "f1": 0.62,
      "time": 2.892038
    },
    "ensemble": {
      "accuracy": 0.9805
    },
    "iforest": {
      "time": 0.326823
    }
  },
  "feature_importance": {
    "feature": {
      "2": "vibration",
      "7": "trip_count",
      "8": "ambient_temp",
      "0": "temperature",
      "6": "oil_quality",
      "3": "age",
      "5": "harmonics",
      "1": "load",
      "4": "corrosion",
      "9": "humidity"
    },
    "xgb_importance": {
      "2": 0.28346675634384155,
      "7": 0.09521622210741043,
      "8": 0.08130363374948502,
      "0": 0.08097506314516068,
      "6": 0.07993524521589279,
      "3": 0.07958126068115234,
      "5": 0.07813413441181183,
      "1": 0.07548592984676361,
      "4": 0.07334160804748535,
      "9": 0.07256019115447998
    },
    "rf_importance": {
      "2": 0.31891743898834,
      "7": 0.09092494187296606,
      "8": 0.0690436215740974,
      "0": 0.07826713596693897,
      "6": 0.06537022083048241,
      "3": 0.10710257041388548,
      "5": 0.06836637322582474,
      "1": 0.07959924400987349,
      "4": 0.0633439756057311,
      "9": 0.059064477511860385
    }
  }
}